{"assets/add_alarm.png":["assets/add_alarm.png"],"assets/alarm_icon.png":["assets/alarm_icon.png"],"assets/clock_icon.png":["assets/clock_icon.png"],"assets/fonts/Avenir-Book.ttf":["assets/fonts/Avenir-Book.ttf"],"assets/fonts/Avenir-Heavy.ttf":["assets/fonts/Avenir-Heavy.ttf"],"assets/fonts/Avenir-Light.ttf":["assets/fonts/Avenir-Light.ttf"],"assets/fonts/Avenir-Medium.ttf":["assets/fonts/Avenir-Medium.ttf"],"assets/icon.png":["assets/icon.png"],"assets/stopwatch_icon.png":["assets/stopwatch_icon.png"],"assets/timer_icon.png":["assets/timer_icon.png"],"packages/cupertino_icons/assets/CupertinoIcons.ttf":["packages/cupertino_icons/assets/CupertinoIcons.ttf"],"packages/fluttertoast/assets/toastify.css":["packages/fluttertoast/assets/toastify.css"],"packages/fluttertoast/assets/toastify.js":["packages/fluttertoast/assets/toastify.js"]}